"export-plots data (NetLogo 4.1.3)";;;;;;;;;;;;;;;;;;;;;;;;;;;;;;;;;;;;;;;;;;;;;;;;;;;;;;;;;;;;;;;;;;;;;;;;;;;;;;;;;;;;;;;;;;;;;;;
"RL_TAv2.nlogo";;;;;;;;;;;;;;;;;;;;;;;;;;;;;;;;;;;;;;;;;;;;;;;;;;;;;;;;;;;;;;;;;;;;;;;;;;;;;;;;;;;;;;;;;;;;;;;
"02/10/2012 13:51:59:676 +0800";;;;;;;;;;;;;;;;;;;;;;;;;;;;;;;;;;;;;;;;;;;;;;;;;;;;;;;;;;;;;;;;;;;;;;;;;;;;;;;;;;;;;;;;;;;;;;;
;;;;;;;;;;;;;;;;;;;;;;;;;;;;;;;;;;;;;;;;;;;;;;;;;;;;;;;;;;;;;;;;;;;;;;;;;;;;;;;;;;;;;;;;;;;;;;;
"MODEL SETTINGS";;;;;;;;;;;;;;;;;;;;;;;;;;;;;;;;;;;;;;;;;;;;;;;;;;;;;;;;;;;;;;;;;;;;;;;;;;;;;;;;;;;;;;;;;;;;;;;
"three-nine";"two-eight";"three-ten";"q-learning-gamma";"inst-road-view?";"one-ten";"average?";"epsilon";"one-eight";"three-eight";"cap-randomness";"num-drivers";"roads-capacity";"tt-weight";"avg?";"travel-time-alpha";"reward-by";"travel-time-beta";"route-weight-power";"q-learning-alpha";"two-nine";"plot-capacity?";"two-ten";"one-nine";;;;;;;;;;;;;;;;;;;;;;;;;;;;;;;;;;;;;;;;;;;;;;;;;;;;;;;;;;;;;;;;;;;;;;;;
"true";"true";"true";"0.4";"false";"true";"true";"0.1";"true";"true";"120";"1001";"130";"0";"true";"1";"""both""";"2";"1";"0.5";"true";"true";"true";"true";;;;;;;;;;;;;;;;;;;;;;;;;;;;;;;;;;;;;;;;;;;;;;;;;;;;;;;;;;;;;;;;;;;;;;;;
;;;;;;;;;;;;;;;;;;;;;;;;;;;;;;;;;;;;;;;;;;;;;;;;;;;;;;;;;;;;;;;;;;;;;;;;;;;;;;;;;;;;;;;;;;;;;;;
"""avg-travel-time""";;;;;;;;;;;;;;;;;;;;;;;;;;;;;;;;;;;;;;;;;;;;;;;;;;;;;;;;;;;;;;;;;;;;;;;;;;;;;;;;;;;;;;;;;;;;;;;
"x min";"x max";"y min";"y max";"autoplot?";"current pen";"legend open?";"number of pens";;;;;;;;;;;;;;;;;;;;;;;;;;;;;;;;;;;;;;;;;;;;;;;;;;;;;;;;;;;;;;;;;;;;;;;;;;;;;;;;;;;;;;;;
"0";"58.8";"0";"45.3";"true";"""expected""";"false";"2";;;;;;;;;;;;;;;;;;;;;;;;;;;;;;;;;;;;;;;;;;;;;;;;;;;;;;;;;;;;;;;;;;;;;;;;;;;;;;;;;;;;;;;;
;;;;;;;;;;;;;;;;;;;;;;;;;;;;;;;;;;;;;;;;;;;;;;;;;;;;;;;;;;;;;;;;;;;;;;;;;;;;;;;;;;;;;;;;;;;;;;;
"pen name";"pen down?";"mode";"interval";"color";"x";;;;;;;;;;;;;;;;;;;;;;;;;;;;;;;;;;;;;;;;;;;;;;;;;;;;;;;;;;;;;;;;;;;;;;;;;;;;;;;;;;;;;;;;;;
"""actual""";"true";"0";"1";"0";"49";;;;;;;;;;;;;;;;;;;;;;;;;;;;;;;;;;;;;;;;;;;;;;;;;;;;;;;;;;;;;;;;;;;;;;;;;;;;;;;;;;;;;;;;;;
"""expected""";"true";"0";"1";"15";"49";;;;;;;;;;;;;;;;;;;;;;;;;;;;;;;;;;;;;;;;;;;;;;;;;;;;;;;;;;;;;;;;;;;;;;;;;;;;;;;;;;;;;;;;;;
;;;;;;;;;;;;;;;;;;;;;;;;;;;;;;;;;;;;;;;;;;;;;;;;;;;;;;;;;;;;;;;;;;;;;;;;;;;;;;;;;;;;;;;;;;;;;;;
"""actual""";;;;"""expected""";;;;;;;;;;;;;;;;;;;;;;;;;;;;;;;;;;;;;;;;;;;;;;;;;;;;;;;;;;;;;;;;;;;;;;;;;;;;;;;;;;;;;;;;;;;
"x";"y";"color";"pen down?";"x";"y";"color";"pen down?";;;;;;;;;;;;;;;;;;;;;;;;;;;;;;;;;;;;;;;;;;;;;;;;;;;;;;;;;;;;;;;;;;;;;;;;;;;;;;;;;;;;;;;;
"0";"41.19311130427663";"0";"true";"0";"32.892744085955705";"15";"true";;;;;;;;;;;;;;;;;;;;;;;;;;;;;;;;;;;;;;;;;;;;;;;;;;;;;;;;;;;;;;;;;;;;;;;;;;;;;;;;;;;;;;;;
"1";"39.44504447641678";"0";"true";"1";"32.89274408595569";"15";"true";;;;;;;;;;;;;;;;;;;;;;;;;;;;;;;;;;;;;;;;;;;;;;;;;;;;;;;;;;;;;;;;;;;;;;;;;;;;;;;;;;;;;;;;
"2";"40.21744361741722";"0";"true";"2";"32.892744085955705";"15";"true";;;;;;;;;;;;;;;;;;;;;;;;;;;;;;;;;;;;;;;;;;;;;;;;;;;;;;;;;;;;;;;;;;;;;;;;;;;;;;;;;;;;;;;;
"3";"36.284263910603116";"0";"true";"3";"32.892744085955655";"15";"true";;;;;;;;;;;;;;;;;;;;;;;;;;;;;;;;;;;;;;;;;;;;;;;;;;;;;;;;;;;;;;;;;;;;;;;;;;;;;;;;;;;;;;;;
"4";"32.902106667271575";"0";"true";"4";"32.8927440859557";"15";"true";;;;;;;;;;;;;;;;;;;;;;;;;;;;;;;;;;;;;;;;;;;;;;;;;;;;;;;;;;;;;;;;;;;;;;;;;;;;;;;;;;;;;;;;
"5";"35.52627705434832";"0";"true";"5";"32.89274408595572";"15";"true";;;;;;;;;;;;;;;;;;;;;;;;;;;;;;;;;;;;;;;;;;;;;;;;;;;;;;;;;;;;;;;;;;;;;;;;;;;;;;;;;;;;;;;;
"6";"33.59322191322068";"0";"true";"6";"32.892744085955684";"15";"true";;;;;;;;;;;;;;;;;;;;;;;;;;;;;;;;;;;;;;;;;;;;;;;;;;;;;;;;;;;;;;;;;;;;;;;;;;;;;;;;;;;;;;;;
"7";"33.19897434936102";"0";"true";"7";"32.8927440859557";"15";"true";;;;;;;;;;;;;;;;;;;;;;;;;;;;;;;;;;;;;;;;;;;;;;;;;;;;;;;;;;;;;;;;;;;;;;;;;;;;;;;;;;;;;;;;
"8";"32.95630055814477";"0";"true";"8";"32.892744085955634";"15";"true";;;;;;;;;;;;;;;;;;;;;;;;;;;;;;;;;;;;;;;;;;;;;;;;;;;;;;;;;;;;;;;;;;;;;;;;;;;;;;;;;;;;;;;;
"9";"33.12639562860052";"0";"true";"9";"32.89274408595573";"15";"true";;;;;;;;;;;;;;;;;;;;;;;;;;;;;;;;;;;;;;;;;;;;;;;;;;;;;;;;;;;;;;;;;;;;;;;;;;;;;;;;;;;;;;;;
"10";"33.522591693459994";"0";"true";"10";"32.892744085955705";"15";"true";;;;;;;;;;;;;;;;;;;;;;;;;;;;;;;;;;;;;;;;;;;;;;;;;;;;;;;;;;;;;;;;;;;;;;;;;;;;;;;;;;;;;;;;
"11";"34.6122209933935";"0";"true";"11";"32.89274408595573";"15";"true";;;;;;;;;;;;;;;;;;;;;;;;;;;;;;;;;;;;;;;;;;;;;;;;;;;;;;;;;;;;;;;;;;;;;;;;;;;;;;;;;;;;;;;;
"12";"33.90045286760973";"0";"true";"12";"32.89274408595573";"15";"true";;;;;;;;;;;;;;;;;;;;;;;;;;;;;;;;;;;;;;;;;;;;;;;;;;;;;;;;;;;;;;;;;;;;;;;;;;;;;;;;;;;;;;;;
"13";"33.75526186236361";"0";"true";"13";"32.89274408595571";"15";"true";;;;;;;;;;;;;;;;;;;;;;;;;;;;;;;;;;;;;;;;;;;;;;;;;;;;;;;;;;;;;;;;;;;;;;;;;;;;;;;;;;;;;;;;
"14";"34.249516592903596";"0";"true";"14";"32.89274408595567";"15";"true";;;;;;;;;;;;;;;;;;;;;;;;;;;;;;;;;;;;;;;;;;;;;;;;;;;;;;;;;;;;;;;;;;;;;;;;;;;;;;;;;;;;;;;;
"15";"33.82053230389708";"0";"true";"15";"32.8927440859557";"15";"true";;;;;;;;;;;;;;;;;;;;;;;;;;;;;;;;;;;;;;;;;;;;;;;;;;;;;;;;;;;;;;;;;;;;;;;;;;;;;;;;;;;;;;;;
"16";"33.127953426306064";"0";"true";"16";"32.892744085955705";"15";"true";;;;;;;;;;;;;;;;;;;;;;;;;;;;;;;;;;;;;;;;;;;;;;;;;;;;;;;;;;;;;;;;;;;;;;;;;;;;;;;;;;;;;;;;
"17";"34.6430918130348";"0";"true";"17";"32.8927440859557";"15";"true";;;;;;;;;;;;;;;;;;;;;;;;;;;;;;;;;;;;;;;;;;;;;;;;;;;;;;;;;;;;;;;;;;;;;;;;;;;;;;;;;;;;;;;;
"18";"35.01505405178247";"0";"true";"18";"32.89274408595567";"15";"true";;;;;;;;;;;;;;;;;;;;;;;;;;;;;;;;;;;;;;;;;;;;;;;;;;;;;;;;;;;;;;;;;;;;;;;;;;;;;;;;;;;;;;;;
"19";"33.33921951011537";"0";"true";"19";"32.89274408595564";"15";"true";;;;;;;;;;;;;;;;;;;;;;;;;;;;;;;;;;;;;;;;;;;;;;;;;;;;;;;;;;;;;;;;;;;;;;;;;;;;;;;;;;;;;;;;
"20";"34.58212712147916";"0";"true";"20";"32.8927440859557";"15";"true";;;;;;;;;;;;;;;;;;;;;;;;;;;;;;;;;;;;;;;;;;;;;;;;;;;;;;;;;;;;;;;;;;;;;;;;;;;;;;;;;;;;;;;;
"21";"32.933209344398435";"0";"true";"21";"32.89274408595565";"15";"true";;;;;;;;;;;;;;;;;;;;;;;;;;;;;;;;;;;;;;;;;;;;;;;;;;;;;;;;;;;;;;;;;;;;;;;;;;;;;;;;;;;;;;;;
"22";"35.05924023685971";"0";"true";"22";"32.892744085955705";"15";"true";;;;;;;;;;;;;;;;;;;;;;;;;;;;;;;;;;;;;;;;;;;;;;;;;;;;;;;;;;;;;;;;;;;;;;;;;;;;;;;;;;;;;;;;
"23";"34.549206574746805";"0";"true";"23";"32.89274408595567";"15";"true";;;;;;;;;;;;;;;;;;;;;;;;;;;;;;;;;;;;;;;;;;;;;;;;;;;;;;;;;;;;;;;;;;;;;;;;;;;;;;;;;;;;;;;;
"24";"32.780557543876526";"0";"true";"24";"32.89274408595569";"15";"true";;;;;;;;;;;;;;;;;;;;;;;;;;;;;;;;;;;;;;;;;;;;;;;;;;;;;;;;;;;;;;;;;;;;;;;;;;;;;;;;;;;;;;;;
"25";"34.98186907341602";"0";"true";"25";"32.89274408595571";"15";"true";;;;;;;;;;;;;;;;;;;;;;;;;;;;;;;;;;;;;;;;;;;;;;;;;;;;;;;;;;;;;;;;;;;;;;;;;;;;;;;;;;;;;;;;
"26";"34.95203463781728";"0";"true";"26";"32.89274408595569";"15";"true";;;;;;;;;;;;;;;;;;;;;;;;;;;;;;;;;;;;;;;;;;;;;;;;;;;;;;;;;;;;;;;;;;;;;;;;;;;;;;;;;;;;;;;;
"27";"32.95929838091712";"0";"true";"27";"32.892744085955655";"15";"true";;;;;;;;;;;;;;;;;;;;;;;;;;;;;;;;;;;;;;;;;;;;;;;;;;;;;;;;;;;;;;;;;;;;;;;;;;;;;;;;;;;;;;;;
"28";"35.04503319069676";"0";"true";"28";"32.89274408595572";"15";"true";;;;;;;;;;;;;;;;;;;;;;;;;;;;;;;;;;;;;;;;;;;;;;;;;;;;;;;;;;;;;;;;;;;;;;;;;;;;;;;;;;;;;;;;
"29";"33.77842658192984";"0";"true";"29";"32.89274408595573";"15";"true";;;;;;;;;;;;;;;;;;;;;;;;;;;;;;;;;;;;;;;;;;;;;;;;;;;;;;;;;;;;;;;;;;;;;;;;;;;;;;;;;;;;;;;;
"30";"33.51619763728535";"0";"true";"30";"32.892744085955705";"15";"true";;;;;;;;;;;;;;;;;;;;;;;;;;;;;;;;;;;;;;;;;;;;;;;;;;;;;;;;;;;;;;;;;;;;;;;;;;;;;;;;;;;;;;;;
"31";"33.21461222969926";"0";"true";"31";"32.89274408595565";"15";"true";;;;;;;;;;;;;;;;;;;;;;;;;;;;;;;;;;;;;;;;;;;;;;;;;;;;;;;;;;;;;;;;;;;;;;;;;;;;;;;;;;;;;;;;
"32";"33.64005804903251";"0";"true";"32";"32.892744085955655";"15";"true";;;;;;;;;;;;;;;;;;;;;;;;;;;;;;;;;;;;;;;;;;;;;;;;;;;;;;;;;;;;;;;;;;;;;;;;;;;;;;;;;;;;;;;;
"33";"33.69499832244873";"0";"true";"33";"32.89274408595566";"15";"true";;;;;;;;;;;;;;;;;;;;;;;;;;;;;;;;;;;;;;;;;;;;;;;;;;;;;;;;;;;;;;;;;;;;;;;;;;;;;;;;;;;;;;;;
"34";"33.98901466670894";"0";"true";"34";"32.892744085955655";"15";"true";;;;;;;;;;;;;;;;;;;;;;;;;;;;;;;;;;;;;;;;;;;;;;;;;;;;;;;;;;;;;;;;;;;;;;;;;;;;;;;;;;;;;;;;
"35";"34.27348612048565";"0";"true";"35";"32.8927440859557";"15";"true";;;;;;;;;;;;;;;;;;;;;;;;;;;;;;;;;;;;;;;;;;;;;;;;;;;;;;;;;;;;;;;;;;;;;;;;;;;;;;;;;;;;;;;;
"36";"33.323480642714166";"0";"true";"36";"32.892744085955705";"15";"true";;;;;;;;;;;;;;;;;;;;;;;;;;;;;;;;;;;;;;;;;;;;;;;;;;;;;;;;;;;;;;;;;;;;;;;;;;;;;;;;;;;;;;;;
"37";"34.69574576150519";"0";"true";"37";"32.892744085955684";"15";"true";;;;;;;;;;;;;;;;;;;;;;;;;;;;;;;;;;;;;;;;;;;;;;;;;;;;;;;;;;;;;;;;;;;;;;;;;;;;;;;;;;;;;;;;
"38";"33.03482427420197";"0";"true";"38";"32.892744085955705";"15";"true";;;;;;;;;;;;;;;;;;;;;;;;;;;;;;;;;;;;;;;;;;;;;;;;;;;;;;;;;;;;;;;;;;;;;;;;;;;;;;;;;;;;;;;;
"39";"33.893236603649726";"0";"true";"39";"32.89274408595567";"15";"true";;;;;;;;;;;;;;;;;;;;;;;;;;;;;;;;;;;;;;;;;;;;;;;;;;;;;;;;;;;;;;;;;;;;;;;;;;;;;;;;;;;;;;;;
"40";"33.54832566802917";"0";"true";"40";"32.892744085955655";"15";"true";;;;;;;;;;;;;;;;;;;;;;;;;;;;;;;;;;;;;;;;;;;;;;;;;;;;;;;;;;;;;;;;;;;;;;;;;;;;;;;;;;;;;;;;
"41";"33.92808111159619";"0";"true";"41";"32.8927440859557";"15";"true";;;;;;;;;;;;;;;;;;;;;;;;;;;;;;;;;;;;;;;;;;;;;;;;;;;;;;;;;;;;;;;;;;;;;;;;;;;;;;;;;;;;;;;;
"42";"33.293742023732506";"0";"true";"42";"32.892744085955684";"15";"true";;;;;;;;;;;;;;;;;;;;;;;;;;;;;;;;;;;;;;;;;;;;;;;;;;;;;;;;;;;;;;;;;;;;;;;;;;;;;;;;;;;;;;;;
"43";"34.39213056174445";"0";"true";"43";"32.892744085955684";"15";"true";;;;;;;;;;;;;;;;;;;;;;;;;;;;;;;;;;;;;;;;;;;;;;;;;;;;;;;;;;;;;;;;;;;;;;;;;;;;;;;;;;;;;;;;
"44";"33.16189471499785";"0";"true";"44";"32.89274408595571";"15";"true";;;;;;;;;;;;;;;;;;;;;;;;;;;;;;;;;;;;;;;;;;;;;;;;;;;;;;;;;;;;;;;;;;;;;;;;;;;;;;;;;;;;;;;;
"45";"34.72188365955369";"0";"true";"45";"32.89274408595569";"15";"true";;;;;;;;;;;;;;;;;;;;;;;;;;;;;;;;;;;;;;;;;;;;;;;;;;;;;;;;;;;;;;;;;;;;;;;;;;;;;;;;;;;;;;;;
"46";"34.59343172740777";"0";"true";"46";"32.89274408595567";"15";"true";;;;;;;;;;;;;;;;;;;;;;;;;;;;;;;;;;;;;;;;;;;;;;;;;;;;;;;;;;;;;;;;;;;;;;;;;;;;;;;;;;;;;;;;
"47";"34.12377406567981";"0";"true";"47";"32.89274408595572";"15";"true";;;;;;;;;;;;;;;;;;;;;;;;;;;;;;;;;;;;;;;;;;;;;;;;;;;;;;;;;;;;;;;;;;;;;;;;;;;;;;;;;;;;;;;;
"48";"33.49017791231623";"0";"true";"48";"32.8927440859557";"15";"true";;;;;;;;;;;;;;;;;;;;;;;;;;;;;;;;;;;;;;;;;;;;;;;;;;;;;;;;;;;;;;;;;;;;;;;;;;;;;;;;;;;;;;;;
"49";"35.81397202094537";"0";"true";"49";"32.89274408595566";"15";"true";;;;;;;;;;;;;;;;;;;;;;;;;;;;;;;;;;;;;;;;;;;;;;;;;;;;;;;;;;;;;;;;;;;;;;;;;;;;;;;;;;;;;;;;
;;;;;;;;;;;;;;;;;;;;;;;;;;;;;;;;;;;;;;;;;;;;;;;;;;;;;;;;;;;;;;;;;;;;;;;;;;;;;;;;;;;;;;;;;;;;;;;
"""drivers-per-road""";;;;;;;;;;;;;;;;;;;;;;;;;;;;;;;;;;;;;;;;;;;;;;;;;;;;;;;;;;;;;;;;;;;;;;;;;;;;;;;;;;;;;;;;;;;;;;;
"x min";"x max";"y min";"y max";"autoplot?";"current pen";"legend open?";"number of pens";;;;;;;;;;;;;;;;;;;;;;;;;;;;;;;;;;;;;;;;;;;;;;;;;;;;;;;;;;;;;;;;;;;;;;;;;;;;;;;;;;;;;;;;
"1";"25";"0";"268";"true";"""capacity""";"false";"3";;;;;;;;;;;;;;;;;;;;;;;;;;;;;;;;;;;;;;;;;;;;;;;;;;;;;;;;;;;;;;;;;;;;;;;;;;;;;;;;;;;;;;;;
;;;;;;;;;;;;;;;;;;;;;;;;;;;;;;;;;;;;;;;;;;;;;;;;;;;;;;;;;;;;;;;;;;;;;;;;;;;;;;;;;;;;;;;;;;;;;;;
"pen name";"pen down?";"mode";"interval";"color";"x";;;;;;;;;;;;;;;;;;;;;;;;;;;;;;;;;;;;;;;;;;;;;;;;;;;;;;;;;;;;;;;;;;;;;;;;;;;;;;;;;;;;;;;;;;
"""proportional""";"true";"1";"1";"15";"19";;;;;;;;;;;;;;;;;;;;;;;;;;;;;;;;;;;;;;;;;;;;;;;;;;;;;;;;;;;;;;;;;;;;;;;;;;;;;;;;;;;;;;;;;;
"""actual""";"true";"1";"1";"0";"20";;;;;;;;;;;;;;;;;;;;;;;;;;;;;;;;;;;;;;;;;;;;;;;;;;;;;;;;;;;;;;;;;;;;;;;;;;;;;;;;;;;;;;;;;;
"""capacity""";"true";"2";"1";"55";"12.5";;;;;;;;;;;;;;;;;;;;;;;;;;;;;;;;;;;;;;;;;;;;;;;;;;;;;;;;;;;;;;;;;;;;;;;;;;;;;;;;;;;;;;;;;;
;;;;;;;;;;;;;;;;;;;;;;;;;;;;;;;;;;;;;;;;;;;;;;;;;;;;;;;;;;;;;;;;;;;;;;;;;;;;;;;;;;;;;;;;;;;;;;;
"""proportional""";;;;"""actual""";;;;"""capacity""";;;;;;;;;;;;;;;;;;;;;;;;;;;;;;;;;;;;;;;;;;;;;;;;;;;;;;;;;;;;;;;;;;;;;;;;;;;;;;;;;;;;;;;
"x";"y";"color";"pen down?";"x";"y";"color";"pen down?";"x";"y";"color";"pen down?";;;;;;;;;;;;;;;;;;;;;;;;;;;;;;;;;;;;;;;;;;;;;;;;;;;;;;;;;;;;;;;;;;;;;;;;;;;;;;;;;;;;
"5";"165.8698924731183";"15";"true";"11";"119.72";"0";"true";"21.5";"135";"55";"true";;;;;;;;;;;;;;;;;;;;;;;;;;;;;;;;;;;;;;;;;;;;;;;;;;;;;;;;;;;;;;;;;;;;;;;;;;;;;;;;;;;;
"23";"117.38495145631065";"15";"true";"6";"169.82";"0";"true";"13.5";"197";"55";"true";;;;;;;;;;;;;;;;;;;;;;;;;;;;;;;;;;;;;;;;;;;;;;;;;;;;;;;;;;;;;;;;;;;;;;;;;;;;;;;;;;;;
"8";"203.61565217391302";"15";"true";"3";"114.42";"0";"true";"6.5";"213";"55";"true";;;;;;;;;;;;;;;;;;;;;;;;;;;;;;;;;;;;;;;;;;;;;;;;;;;;;;;;;;;;;;;;;;;;;;;;;;;;;;;;;;;;
"10";"185.451724137931";"15";"true";"24";"132.12";"0";"true";"17.5";"184";"55";"true";;;;;;;;;;;;;;;;;;;;;;;;;;;;;;;;;;;;;;;;;;;;;;;;;;;;;;;;;;;;;;;;;;;;;;;;;;;;;;;;;;;;
"7";"174.2166007905139";"15";"true";"9";"175.53999999999996";"0";"true";"5.5";"210";"55";"true";;;;;;;;;;;;;;;;;;;;;;;;;;;;;;;;;;;;;;;;;;;;;;;;;;;;;;;;;;;;;;;;;;;;;;;;;;;;;;;;;;;;
"21";"125.88935779816515";"15";"true";"15";"182.70000000000005";"0";"true";"3.5";"173";"55";"true";;;;;;;;;;;;;;;;;;;;;;;;;;;;;;;;;;;;;;;;;;;;;;;;;;;;;;;;;;;;;;;;;;;;;;;;;;;;;;;;;;;;
"12";"156.3093103448276";"15";"true";"13";"185.79999999999998";"0";"true";"18.5";"160";"55";"true";;;;;;;;;;;;;;;;;;;;;;;;;;;;;;;;;;;;;;;;;;;;;;;;;;;;;;;;;;;;;;;;;;;;;;;;;;;;;;;;;;;;
"18";"143.59999999999997";"15";"true";"21";"104.44000000000003";"0";"true";"2.5";"166";"55";"true";;;;;;;;;;;;;;;;;;;;;;;;;;;;;;;;;;;;;;;;;;;;;;;;;;;;;;;;;;;;;;;;;;;;;;;;;;;;;;;;;;;;
"9";"173.12774703557312";"15";"true";"12";"155.92";"0";"true";"24.5";"142";"55";"true";;;;;;;;;;;;;;;;;;;;;;;;;;;;;;;;;;;;;;;;;;;;;;;;;;;;;;;;;;;;;;;;;;;;;;;;;;;;;;;;;;;;
"24";"132.12";"15";"true";"8";"194.65999999999994";"0";"true";"4.5";"135";"55";"true";;;;;;;;;;;;;;;;;;;;;;;;;;;;;;;;;;;;;;;;;;;;;;;;;;;;;;;;;;;;;;;;;;;;;;;;;;;;;;;;;;;;
"11";"119.21896551724143";"15";"true";"10";"185.33999999999997";"0";"true";"23.5";"178";"55";"true";;;;;;;;;;;;;;;;;;;;;;;;;;;;;;;;;;;;;;;;;;;;;;;;;;;;;;;;;;;;;;;;;;;;;;;;;;;;;;;;;;;;
"6";"168.23946236559138";"15";"true";"2";"105.84";"0";"true";"20.5";"190";"55";"true";;;;;;;;;;;;;;;;;;;;;;;;;;;;;;;;;;;;;;;;;;;;;;;;;;;;;;;;;;;;;;;;;;;;;;;;;;;;;;;;;;;;
"14";"186.731320754717";"15";"true";"22";"157.26000000000002";"0";"true";"11.5";"135";"55";"true";;;;;;;;;;;;;;;;;;;;;;;;;;;;;;;;;;;;;;;;;;;;;;;;;;;;;;;;;;;;;;;;;;;;;;;;;;;;;;;;;;;;
"3";"114.13692946058092";"15";"true";"14";"181.32000000000002";"0";"true";"1.5";"143";"55";"true";;;;;;;;;;;;;;;;;;;;;;;;;;;;;;;;;;;;;;;;;;;;;;;;;;;;;;;;;;;;;;;;;;;;;;;;;;;;;;;;;;;;
"20";"177.17761467889903";"15";"true";"1";"97.73999999999998";"0";"true";"22.5";"234";"55";"true";;;;;;;;;;;;;;;;;;;;;;;;;;;;;;;;;;;;;;;;;;;;;;;;;;;;;;;;;;;;;;;;;;;;;;;;;;;;;;;;;;;;
"2";"109.51867219917013";"15";"true";"7";"180.76";"0";"true";"9.5";"159";"55";"true";;;;;;;;;;;;;;;;;;;;;;;;;;;;;;;;;;;;;;;;;;;;;;;;;;;;;;;;;;;;;;;;;;;;;;;;;;;;;;;;;;;;
"4";"106.63064516129033";"15";"true";"5";"165.79999999999998";"0";"true";"8.5";"187";"55";"true";;;;;;;;;;;;;;;;;;;;;;;;;;;;;;;;;;;;;;;;;;;;;;;;;;;;;;;;;;;;;;;;;;;;;;;;;;;;;;;;;;;;
"1";"94.34439834024896";"15";"true";"16";"170.98";"0";"true";"19.5";"220";"55";"true";;;;;;;;;;;;;;;;;;;;;;;;;;;;;;;;;;;;;;;;;;;;;;;;;;;;;;;;;;;;;;;;;;;;;;;;;;;;;;;;;;;;
"22";"154.3150485436893";"15";"true";"19";"244.04000000000002";"0";"true";"7.5";"160";"55";"true";;;;;;;;;;;;;;;;;;;;;;;;;;;;;;;;;;;;;;;;;;;;;;;;;;;;;;;;;;;;;;;;;;;;;;;;;;;;;;;;;;;;
"15";"177.30044596912515";"15";"true";"4";"105.12000000000002";"0";"true";"14.5";"198";"55";"true";;;;;;;;;;;;;;;;;;;;;;;;;;;;;;;;;;;;;;;;;;;;;;;;;;;;;;;;;;;;;;;;;;;;;;;;;;;;;;;;;;;;
"17";"165.13999999999996";"15";"true";"23";"114.44";"0";"true";"16.5";"192";"55";"true";;;;;;;;;;;;;;;;;;;;;;;;;;;;;;;;;;;;;;;;;;;;;;;;;;;;;;;;;;;;;;;;;;;;;;;;;;;;;;;;;;;;
"16";"172.31999999999996";"15";"true";"17";"177.95999999999995";"0";"true";"10.5";"210";"55";"true";;;;;;;;;;;;;;;;;;;;;;;;;;;;;;;;;;;;;;;;;;;;;;;;;;;;;;;;;;;;;;;;;;;;;;;;;;;;;;;;;;;;
"13";"185.78823327615777";"15";"true";"18";"132.12";"0";"true";"15.5";"188";"55";"true";;;;;;;;;;;;;;;;;;;;;;;;;;;;;;;;;;;;;;;;;;;;;;;;;;;;;;;;;;;;;;;;;;;;;;;;;;;;;;;;;;;;
"19";"205.15302752293576";"15";"true";"20";"159.74";"0";"true";"12.5";"177";"55";"true";;;;;;;;;;;;;;;;;;;;;;;;;;;;;;;;;;;;;;;;;;;;;;;;;;;;;;;;;;;;;;;;;;;;;;;;;;;;;;;;;;;;
;;;;;;;;;;;;;;;;;;;;;;;;;;;;;;;;;;;;;;;;;;;;;;;;;;;;;;;;;;;;;;;;;;;;;;;;;;;;;;;;;;;;;;;;;;;;;;;
"""inst-drv-per-road""";;;;;;;;;;;;;;;;;;;;;;;;;;;;;;;;;;;;;;;;;;;;;;;;;;;;;;;;;;;;;;;;;;;;;;;;;;;;;;;;;;;;;;;;;;;;;;;
"x min";"x max";"y min";"y max";"autoplot?";"current pen";"legend open?";"number of pens";;;;;;;;;;;;;;;;;;;;;;;;;;;;;;;;;;;;;;;;;;;;;;;;;;;;;;;;;;;;;;;;;;;;;;;;;;;;;;;;;;;;;;;;
"1";"25";"0";"282";"true";"""proportional""";"false";"2";;;;;;;;;;;;;;;;;;;;;;;;;;;;;;;;;;;;;;;;;;;;;;;;;;;;;;;;;;;;;;;;;;;;;;;;;;;;;;;;;;;;;;;;
;;;;;;;;;;;;;;;;;;;;;;;;;;;;;;;;;;;;;;;;;;;;;;;;;;;;;;;;;;;;;;;;;;;;;;;;;;;;;;;;;;;;;;;;;;;;;;;
"pen name";"pen down?";"mode";"interval";"color";"x";;;;;;;;;;;;;;;;;;;;;;;;;;;;;;;;;;;;;;;;;;;;;;;;;;;;;;;;;;;;;;;;;;;;;;;;;;;;;;;;;;;;;;;;;;
"""actual""";"true";"1";"1";"0";"5";;;;;;;;;;;;;;;;;;;;;;;;;;;;;;;;;;;;;;;;;;;;;;;;;;;;;;;;;;;;;;;;;;;;;;;;;;;;;;;;;;;;;;;;;;
"""proportional""";"true";"1";"1";"15";"20";;;;;;;;;;;;;;;;;;;;;;;;;;;;;;;;;;;;;;;;;;;;;;;;;;;;;;;;;;;;;;;;;;;;;;;;;;;;;;;;;;;;;;;;;;
;;;;;;;;;;;;;;;;;;;;;;;;;;;;;;;;;;;;;;;;;;;;;;;;;;;;;;;;;;;;;;;;;;;;;;;;;;;;;;;;;;;;;;;;;;;;;;;
"""actual""";;;;"""proportional""";;;;;;;;;;;;;;;;;;;;;;;;;;;;;;;;;;;;;;;;;;;;;;;;;;;;;;;;;;;;;;;;;;;;;;;;;;;;;;;;;;;;;;;;;;;
"x";"y";"color";"pen down?";"x";"y";"color";"pen down?";;;;;;;;;;;;;;;;;;;;;;;;;;;;;;;;;;;;;;;;;;;;;;;;;;;;;;;;;;;;;;;;;;;;;;;;;;;;;;;;;;;;;;;;
"8";"161";"0";"true";"12";"153.26436781609195";"15";"true";;;;;;;;;;;;;;;;;;;;;;;;;;;;;;;;;;;;;;;;;;;;;;;;;;;;;;;;;;;;;;;;;;;;;;;;;;;;;;;;;;;;;;;;
"20";"132";"0";"true";"2";"109.51867219917013";"15";"true";;;;;;;;;;;;;;;;;;;;;;;;;;;;;;;;;;;;;;;;;;;;;;;;;;;;;;;;;;;;;;;;;;;;;;;;;;;;;;;;;;;;;;;;
"23";"133";"0";"true";"23";"135.22815533980582";"15";"true";;;;;;;;;;;;;;;;;;;;;;;;;;;;;;;;;;;;;;;;;;;;;;;;;;;;;;;;;;;;;;;;;;;;;;;;;;;;;;;;;;;;;;;;
"12";"61";"0";"true";"17";"181.59701492537312";"15";"true";;;;;;;;;;;;;;;;;;;;;;;;;;;;;;;;;;;;;;;;;;;;;;;;;;;;;;;;;;;;;;;;;;;;;;;;;;;;;;;;;;;;;;;;
"21";"85";"0";"true";"5";"163.33333333333334";"15";"true";;;;;;;;;;;;;;;;;;;;;;;;;;;;;;;;;;;;;;;;;;;;;;;;;;;;;;;;;;;;;;;;;;;;;;;;;;;;;;;;;;;;;;;;
"10";"256";"0";"true";"1";"94.34439834024896";"15";"true";;;;;;;;;;;;;;;;;;;;;;;;;;;;;;;;;;;;;;;;;;;;;;;;;;;;;;;;;;;;;;;;;;;;;;;;;;;;;;;;;;;;;;;;
"1";"91";"0";"true";"13";"202.06861063464837";"15";"true";;;;;;;;;;;;;;;;;;;;;;;;;;;;;;;;;;;;;;;;;;;;;;;;;;;;;;;;;;;;;;;;;;;;;;;;;;;;;;;;;;;;;;;;
"18";"138";"0";"true";"22";"177.77184466019418";"15";"true";;;;;;;;;;;;;;;;;;;;;;;;;;;;;;;;;;;;;;;;;;;;;;;;;;;;;;;;;;;;;;;;;;;;;;;;;;;;;;;;;;;;;;;;
"7";"170";"0";"true";"21";"110.4770642201835";"15";"true";;;;;;;;;;;;;;;;;;;;;;;;;;;;;;;;;;;;;;;;;;;;;;;;;;;;;;;;;;;;;;;;;;;;;;;;;;;;;;;;;;;;;;;;
"3";"130";"0";"true";"6";"165.66666666666669";"15";"true";;;;;;;;;;;;;;;;;;;;;;;;;;;;;;;;;;;;;;;;;;;;;;;;;;;;;;;;;;;;;;;;;;;;;;;;;;;;;;;;;;;;;;;;
"16";"185";"0";"true";"18";"157.910447761194";"15";"true";;;;;;;;;;;;;;;;;;;;;;;;;;;;;;;;;;;;;;;;;;;;;;;;;;;;;;;;;;;;;;;;;;;;;;;;;;;;;;;;;;;;;;;;
"13";"187";"0";"true";"19";"180.03669724770643";"15";"true";;;;;;;;;;;;;;;;;;;;;;;;;;;;;;;;;;;;;;;;;;;;;;;;;;;;;;;;;;;;;;;;;;;;;;;;;;;;;;;;;;;;;;;;
"4";"101";"0";"true";"7";"170.1185770750988";"15";"true";;;;;;;;;;;;;;;;;;;;;;;;;;;;;;;;;;;;;;;;;;;;;;;;;;;;;;;;;;;;;;;;;;;;;;;;;;;;;;;;;;;;;;;;
"11";"135";"0";"true";"14";"203.0943396226415";"15";"true";;;;;;;;;;;;;;;;;;;;;;;;;;;;;;;;;;;;;;;;;;;;;;;;;;;;;;;;;;;;;;;;;;;;;;;;;;;;;;;;;;;;;;;;
"22";"180";"0";"true";"15";"192.83704974271015";"15";"true";;;;;;;;;;;;;;;;;;;;;;;;;;;;;;;;;;;;;;;;;;;;;;;;;;;;;;;;;;;;;;;;;;;;;;;;;;;;;;;;;;;;;;;;
"15";"211";"0";"true";"8";"198.82608695652172";"15";"true";;;;;;;;;;;;;;;;;;;;;;;;;;;;;;;;;;;;;;;;;;;;;;;;;;;;;;;;;;;;;;;;;;;;;;;;;;;;;;;;;;;;;;;;
"19";"229";"0";"true";"24";"133";"15";"true";;;;;;;;;;;;;;;;;;;;;;;;;;;;;;;;;;;;;;;;;;;;;;;;;;;;;;;;;;;;;;;;;;;;;;;;;;;;;;;;;;;;;;;;
"24";"133";"0";"true";"9";"169.05533596837944";"15";"true";;;;;;;;;;;;;;;;;;;;;;;;;;;;;;;;;;;;;;;;;;;;;;;;;;;;;;;;;;;;;;;;;;;;;;;;;;;;;;;;;;;;;;;;
"17";"206";"0";"true";"10";"181.83908045977012";"15";"true";;;;;;;;;;;;;;;;;;;;;;;;;;;;;;;;;;;;;;;;;;;;;;;;;;;;;;;;;;;;;;;;;;;;;;;;;;;;;;;;;;;;;;;;
"9";"207";"0";"true";"4";"105";"15";"true";;;;;;;;;;;;;;;;;;;;;;;;;;;;;;;;;;;;;;;;;;;;;;;;;;;;;;;;;;;;;;;;;;;;;;;;;;;;;;;;;;;;;;;;
"6";"181";"0";"true";"11";"116.89655172413795";"15";"true";;;;;;;;;;;;;;;;;;;;;;;;;;;;;;;;;;;;;;;;;;;;;;;;;;;;;;;;;;;;;;;;;;;;;;;;;;;;;;;;;;;;;;;;
"14";"200";"0";"true";"3";"114.13692946058092";"15";"true";;;;;;;;;;;;;;;;;;;;;;;;;;;;;;;;;;;;;;;;;;;;;;;;;;;;;;;;;;;;;;;;;;;;;;;;;;;;;;;;;;;;;;;;
"2";"97";"0";"true";"16";"189.49253731343285";"15";"true";;;;;;;;;;;;;;;;;;;;;;;;;;;;;;;;;;;;;;;;;;;;;;;;;;;;;;;;;;;;;;;;;;;;;;;;;;;;;;;;;;;;;;;;
"5";"152";"0";"true";"20";"155.4862385321101";"15";"true";;;;;;;;;;;;;;;;;;;;;;;;;;;;;;;;;;;;;;;;;;;;;;;;;;;;;;;;;;;;;;;;;;;;;;;;;;;;;;;;;;;;;;;;
;;;;;;;;;;;;;;;;;;;;;;;;;;;;;;;;;;;;;;;;;;;;;;;;;;;;;;;;;;;;;;;;;;;;;;;;;;;;;;;;;;;;;;;;;;;;;;;
"""travel-time-per-OD""";;;;;;;;;;;;;;;;;;;;;;;;;;;;;;;;;;;;;;;;;;;;;;;;;;;;;;;;;;;;;;;;;;;;;;;;;;;;;;;;;;;;;;;;;;;;;;;
"x min";"x max";"y min";"y max";"autoplot?";"current pen";"legend open?";"number of pens";;;;;;;;;;;;;;;;;;;;;;;;;;;;;;;;;;;;;;;;;;;;;;;;;;;;;;;;;;;;;;;;;;;;;;;;;;;;;;;;;;;;;;;;
"1";"10";"0";"41.5";"true";"""expected""";"false";"2";;;;;;;;;;;;;;;;;;;;;;;;;;;;;;;;;;;;;;;;;;;;;;;;;;;;;;;;;;;;;;;;;;;;;;;;;;;;;;;;;;;;;;;;
;;;;;;;;;;;;;;;;;;;;;;;;;;;;;;;;;;;;;;;;;;;;;;;;;;;;;;;;;;;;;;;;;;;;;;;;;;;;;;;;;;;;;;;;;;;;;;;
"pen name";"pen down?";"mode";"interval";"color";"x";;;;;;;;;;;;;;;;;;;;;;;;;;;;;;;;;;;;;;;;;;;;;;;;;;;;;;;;;;;;;;;;;;;;;;;;;;;;;;;;;;;;;;;;;;
"""actual""";"true";"1";"1";"0";"9";;;;;;;;;;;;;;;;;;;;;;;;;;;;;;;;;;;;;;;;;;;;;;;;;;;;;;;;;;;;;;;;;;;;;;;;;;;;;;;;;;;;;;;;;;
"""expected""";"true";"1";"1";"15";"9";;;;;;;;;;;;;;;;;;;;;;;;;;;;;;;;;;;;;;;;;;;;;;;;;;;;;;;;;;;;;;;;;;;;;;;;;;;;;;;;;;;;;;;;;;
;;;;;;;;;;;;;;;;;;;;;;;;;;;;;;;;;;;;;;;;;;;;;;;;;;;;;;;;;;;;;;;;;;;;;;;;;;;;;;;;;;;;;;;;;;;;;;;
"""actual""";;;;"""expected""";;;;;;;;;;;;;;;;;;;;;;;;;;;;;;;;;;;;;;;;;;;;;;;;;;;;;;;;;;;;;;;;;;;;;;;;;;;;;;;;;;;;;;;;;;;
"x";"y";"color";"pen down?";"x";"y";"color";"pen down?";;;;;;;;;;;;;;;;;;;;;;;;;;;;;;;;;;;;;;;;;;;;;;;;;;;;;;;;;;;;;;;;;;;;;;;;;;;;;;;;;;;;;;;;
"1";"37.739018481031515";"0";"true";"1";"40.15637098743856";"15";"true";;;;;;;;;;;;;;;;;;;;;;;;;;;;;;;;;;;;;;;;;;;;;;;;;;;;;;;;;;;;;;;;;;;;;;;;;;;;;;;;;;;;;;;;
"2";"35.86256504192032";"0";"true";"2";"32.26933696150336";"15";"true";;;;;;;;;;;;;;;;;;;;;;;;;;;;;;;;;;;;;;;;;;;;;;;;;;;;;;;;;;;;;;;;;;;;;;;;;;;;;;;;;;;;;;;;
"3";"39.930386246187766";"0";"true";"3";"33.69456904829257";"15";"true";;;;;;;;;;;;;;;;;;;;;;;;;;;;;;;;;;;;;;;;;;;;;;;;;;;;;;;;;;;;;;;;;;;;;;;;;;;;;;;;;;;;;;;;
"4";"34.74561579992712";"0";"true";"4";"23.176565199936714";"15";"true";;;;;;;;;;;;;;;;;;;;;;;;;;;;;;;;;;;;;;;;;;;;;;;;;;;;;;;;;;;;;;;;;;;;;;;;;;;;;;;;;;;;;;;;
"5";"31.669928660371383";"0";"true";"5";"39.42528028368454";"15";"true";;;;;;;;;;;;;;;;;;;;;;;;;;;;;;;;;;;;;;;;;;;;;;;;;;;;;;;;;;;;;;;;;;;;;;;;;;;;;;;;;;;;;;;;
"6";"34.10285477252733";"0";"true";"6";"40.70551070816813";"15";"true";;;;;;;;;;;;;;;;;;;;;;;;;;;;;;;;;;;;;;;;;;;;;;;;;;;;;;;;;;;;;;;;;;;;;;;;;;;;;;;;;;;;;;;;
"7";"33.11238117253141";"0";"true";"7";"22.46320149502298";"15";"true";;;;;;;;;;;;;;;;;;;;;;;;;;;;;;;;;;;;;;;;;;;;;;;;;;;;;;;;;;;;;;;;;;;;;;;;;;;;;;;;;;;;;;;;
"8";"29.113304981268307";"0";"true";"8";"23.861855202792274";"15";"true";;;;;;;;;;;;;;;;;;;;;;;;;;;;;;;;;;;;;;;;;;;;;;;;;;;;;;;;;;;;;;;;;;;;;;;;;;;;;;;;;;;;;;;;
"9";"33.235395220600566";"0";"true";"9";"38.65601295189091";"15";"true";;;;;;;;;;;;;;;;;;;;;;;;;;;;;;;;;;;;;;;;;;;;;;;;;;;;;;;;;;;;;;;;;;;;;;;;;;;;;;;;;;;;;;;;
;;;;;;;;;;;;;;;;;;;;;;;;;;;;;;;;;;;;;;;;;;;;;;;;;;;;;;;;;;;;;;;;;;;;;;;;;;;;;;;;;;;;;;;;;;;;;;;
"""drivers-per-road-linechart""";;;;;;;;;;;;;;;;;;;;;;;;;;;;;;;;;;;;;;;;;;;;;;;;;;;;;;;;;;;;;;;;;;;;;;;;;;;;;;;;;;;;;;;;;;;;;;;
"x min";"x max";"y min";"y max";"autoplot?";"current pen";"legend open?";"number of pens";;;;;;;;;;;;;;;;;;;;;;;;;;;;;;;;;;;;;;;;;;;;;;;;;;;;;;;;;;;;;;;;;;;;;;;;;;;;;;;;;;;;;;;;
"0";"58.8";"0";"391";"true";"""road_18""";"false";"24";;;;;;;;;;;;;;;;;;;;;;;;;;;;;;;;;;;;;;;;;;;;;;;;;;;;;;;;;;;;;;;;;;;;;;;;;;;;;;;;;;;;;;;;
;;;;;;;;;;;;;;;;;;;;;;;;;;;;;;;;;;;;;;;;;;;;;;;;;;;;;;;;;;;;;;;;;;;;;;;;;;;;;;;;;;;;;;;;;;;;;;;
"pen name";"pen down?";"mode";"interval";"color";"x";;;;;;;;;;;;;;;;;;;;;;;;;;;;;;;;;;;;;;;;;;;;;;;;;;;;;;;;;;;;;;;;;;;;;;;;;;;;;;;;;;;;;;;;;;
"""road_1""";"true";"0";"1";"0";"49";;;;;;;;;;;;;;;;;;;;;;;;;;;;;;;;;;;;;;;;;;;;;;;;;;;;;;;;;;;;;;;;;;;;;;;;;;;;;;;;;;;;;;;;;;
"""road_2""";"true";"0";"1";"0";"49";;;;;;;;;;;;;;;;;;;;;;;;;;;;;;;;;;;;;;;;;;;;;;;;;;;;;;;;;;;;;;;;;;;;;;;;;;;;;;;;;;;;;;;;;;
"""road_3""";"true";"0";"1";"0";"49";;;;;;;;;;;;;;;;;;;;;;;;;;;;;;;;;;;;;;;;;;;;;;;;;;;;;;;;;;;;;;;;;;;;;;;;;;;;;;;;;;;;;;;;;;
"""road_4""";"true";"0";"1";"0";"49";;;;;;;;;;;;;;;;;;;;;;;;;;;;;;;;;;;;;;;;;;;;;;;;;;;;;;;;;;;;;;;;;;;;;;;;;;;;;;;;;;;;;;;;;;
"""road_5""";"true";"0";"1";"0";"49";;;;;;;;;;;;;;;;;;;;;;;;;;;;;;;;;;;;;;;;;;;;;;;;;;;;;;;;;;;;;;;;;;;;;;;;;;;;;;;;;;;;;;;;;;
"""road_6""";"true";"0";"1";"0";"49";;;;;;;;;;;;;;;;;;;;;;;;;;;;;;;;;;;;;;;;;;;;;;;;;;;;;;;;;;;;;;;;;;;;;;;;;;;;;;;;;;;;;;;;;;
"""road_7""";"true";"0";"1";"0";"49";;;;;;;;;;;;;;;;;;;;;;;;;;;;;;;;;;;;;;;;;;;;;;;;;;;;;;;;;;;;;;;;;;;;;;;;;;;;;;;;;;;;;;;;;;
"""road_8""";"true";"0";"1";"0";"49";;;;;;;;;;;;;;;;;;;;;;;;;;;;;;;;;;;;;;;;;;;;;;;;;;;;;;;;;;;;;;;;;;;;;;;;;;;;;;;;;;;;;;;;;;
"""road_9""";"true";"0";"1";"0";"49";;;;;;;;;;;;;;;;;;;;;;;;;;;;;;;;;;;;;;;;;;;;;;;;;;;;;;;;;;;;;;;;;;;;;;;;;;;;;;;;;;;;;;;;;;
"""road_10""";"true";"0";"1";"0";"49";;;;;;;;;;;;;;;;;;;;;;;;;;;;;;;;;;;;;;;;;;;;;;;;;;;;;;;;;;;;;;;;;;;;;;;;;;;;;;;;;;;;;;;;;;
"""road_11""";"true";"0";"1";"0";"49";;;;;;;;;;;;;;;;;;;;;;;;;;;;;;;;;;;;;;;;;;;;;;;;;;;;;;;;;;;;;;;;;;;;;;;;;;;;;;;;;;;;;;;;;;
"""road_12""";"true";"0";"1";"0";"49";;;;;;;;;;;;;;;;;;;;;;;;;;;;;;;;;;;;;;;;;;;;;;;;;;;;;;;;;;;;;;;;;;;;;;;;;;;;;;;;;;;;;;;;;;
"""road_13""";"true";"0";"1";"0";"49";;;;;;;;;;;;;;;;;;;;;;;;;;;;;;;;;;;;;;;;;;;;;;;;;;;;;;;;;;;;;;;;;;;;;;;;;;;;;;;;;;;;;;;;;;
"""road_14""";"true";"0";"1";"0";"49";;;;;;;;;;;;;;;;;;;;;;;;;;;;;;;;;;;;;;;;;;;;;;;;;;;;;;;;;;;;;;;;;;;;;;;;;;;;;;;;;;;;;;;;;;
"""road_15""";"true";"0";"1";"0";"49";;;;;;;;;;;;;;;;;;;;;;;;;;;;;;;;;;;;;;;;;;;;;;;;;;;;;;;;;;;;;;;;;;;;;;;;;;;;;;;;;;;;;;;;;;
"""road_16""";"true";"0";"1";"0";"49";;;;;;;;;;;;;;;;;;;;;;;;;;;;;;;;;;;;;;;;;;;;;;;;;;;;;;;;;;;;;;;;;;;;;;;;;;;;;;;;;;;;;;;;;;
"""road_17""";"true";"0";"1";"0";"49";;;;;;;;;;;;;;;;;;;;;;;;;;;;;;;;;;;;;;;;;;;;;;;;;;;;;;;;;;;;;;;;;;;;;;;;;;;;;;;;;;;;;;;;;;
"""road_18""";"true";"0";"1";"0";"49";;;;;;;;;;;;;;;;;;;;;;;;;;;;;;;;;;;;;;;;;;;;;;;;;;;;;;;;;;;;;;;;;;;;;;;;;;;;;;;;;;;;;;;;;;
"""road_19""";"true";"0";"1";"0";"49";;;;;;;;;;;;;;;;;;;;;;;;;;;;;;;;;;;;;;;;;;;;;;;;;;;;;;;;;;;;;;;;;;;;;;;;;;;;;;;;;;;;;;;;;;
"""road_20""";"true";"0";"1";"0";"49";;;;;;;;;;;;;;;;;;;;;;;;;;;;;;;;;;;;;;;;;;;;;;;;;;;;;;;;;;;;;;;;;;;;;;;;;;;;;;;;;;;;;;;;;;
"""road_21""";"true";"0";"1";"0";"49";;;;;;;;;;;;;;;;;;;;;;;;;;;;;;;;;;;;;;;;;;;;;;;;;;;;;;;;;;;;;;;;;;;;;;;;;;;;;;;;;;;;;;;;;;
"""road_22""";"true";"0";"1";"0";"49";;;;;;;;;;;;;;;;;;;;;;;;;;;;;;;;;;;;;;;;;;;;;;;;;;;;;;;;;;;;;;;;;;;;;;;;;;;;;;;;;;;;;;;;;;
"""road_23""";"true";"0";"1";"0";"49";;;;;;;;;;;;;;;;;;;;;;;;;;;;;;;;;;;;;;;;;;;;;;;;;;;;;;;;;;;;;;;;;;;;;;;;;;;;;;;;;;;;;;;;;;
"""road_24""";"true";"0";"1";"0";"49";;;;;;;;;;;;;;;;;;;;;;;;;;;;;;;;;;;;;;;;;;;;;;;;;;;;;;;;;;;;;;;;;;;;;;;;;;;;;;;;;;;;;;;;;;
;;;;;;;;;;;;;;;;;;;;;;;;;;;;;;;;;;;;;;;;;;;;;;;;;;;;;;;;;;;;;;;;;;;;;;;;;;;;;;;;;;;;;;;;;;;;;;;
"""road_1""";;;;"""road_2""";;;;"""road_3""";;;;"""road_4""";;;;"""road_5""";;;;"""road_6""";;;;"""road_7""";;;;"""road_8""";;;;"""road_9""";;;;"""road_10""";;;;"""road_11""";;;;"""road_12""";;;;"""road_13""";;;;"""road_14""";;;;"""road_15""";;;;"""road_16""";;;;"""road_17""";;;;"""road_18""";;;;"""road_19""";;;;"""road_20""";;;;"""road_21""";;;;"""road_22""";;;;"""road_23""";;;;"""road_24""";;;
"x";"y";"color";"pen down?";"x";"y";"color";"pen down?";"x";"y";"color";"pen down?";"x";"y";"color";"pen down?";"x";"y";"color";"pen down?";"x";"y";"color";"pen down?";"x";"y";"color";"pen down?";"x";"y";"color";"pen down?";"x";"y";"color";"pen down?";"x";"y";"color";"pen down?";"x";"y";"color";"pen down?";"x";"y";"color";"pen down?";"x";"y";"color";"pen down?";"x";"y";"color";"pen down?";"x";"y";"color";"pen down?";"x";"y";"color";"pen down?";"x";"y";"color";"pen down?";"x";"y";"color";"pen down?";"x";"y";"color";"pen down?";"x";"y";"color";"pen down?";"x";"y";"color";"pen down?";"x";"y";"color";"pen down?";"x";"y";"color";"pen down?";"x";"y";"color";"pen down?"
"0";"101";"0";"true";"0";"115";"0";"true";"0";"102";"0";"true";"0";"131";"0";"true";"0";"137";"0";"true";"0";"176";"0";"true";"0";"194";"0";"true";"0";"183";"0";"true";"0";"209";"0";"true";"0";"134";"0";"true";"0";"152";"0";"true";"0";"147";"0";"true";"0";"162";"0";"true";"0";"167";"0";"true";"0";"164";"0";"true";"0";"235";"0";"true";"0";"176";"0";"true";"0";"112";"0";"true";"0";"355";"0";"true";"0";"131";"0";"true";"0";"63";"0";"true";"0";"275";"0";"true";"0";"87";"0";"true";"0";"201";"0";"true"
"1";"102";"0";"true";"1";"111";"0";"true";"1";"105";"0";"true";"1";"133";"0";"true";"1";"137";"0";"true";"1";"175";"0";"true";"1";"115";"0";"true";"1";"375";"0";"true";"1";"94";"0";"true";"1";"158";"0";"true";"1";"51";"0";"true";"1";"148";"0";"true";"1";"229";"0";"true";"1";"250";"0";"true";"1";"229";"0";"true";"1";"49";"0";"true";"1";"200";"0";"true";"1";"125";"0";"true";"1";"197";"0";"true";"1";"165";"0";"true";"1";"85";"0";"true";"1";"172";"0";"true";"1";"121";"0";"true";"1";"145";"0";"true"
"2";"100";"0";"true";"2";"111";"0";"true";"2";"107";"0";"true";"2";"129";"0";"true";"2";"141";"0";"true";"2";"173";"0";"true";"2";"294";"0";"true";"2";"23";"0";"true";"2";"263";"0";"true";"2";"212";"0";"true";"2";"125";"0";"true";"2";"205";"0";"true";"2";"150";"0";"true";"2";"140";"0";"true";"2";"118";"0";"true";"2";"176";"0";"true";"2";"194";"0";"true";"2";"168";"0";"true";"2";"262";"0";"true";"2";"172";"0";"true";"2";"87";"0";"true";"2";"130";"0";"true";"2";"111";"0";"true";"2";"153";"0";"true"
"3";"99";"0";"true";"3";"111";"0";"true";"3";"108";"0";"true";"3";"130";"0";"true";"3";"144";"0";"true";"3";"168";"0";"true";"3";"226";"0";"true";"3";"132";"0";"true";"3";"223";"0";"true";"3";"227";"0";"true";"3";"114";"0";"true";"3";"137";"0";"true";"3";"200";"0";"true";"3";"172";"0";"true";"3";"155";"0";"true";"3";"212";"0";"true";"3";"182";"0";"true";"3";"143";"0";"true";"3";"231";"0";"true";"3";"186";"0";"true";"3";"104";"0";"true";"3";"119";"0";"true";"3";"116";"0";"true";"3";"131";"0";"true"
"4";"104";"0";"true";"4";"109";"0";"true";"4";"105";"0";"true";"4";"104";"0";"true";"4";"163";"0";"true";"4";"180";"0";"true";"4";"173";"0";"true";"4";"178";"0";"true";"4";"202";"0";"true";"4";"163";"0";"true";"4";"117";"0";"true";"4";"161";"0";"true";"4";"173";"0";"true";"4";"184";"0";"true";"4";"164";"0";"true";"4";"98";"0";"true";"4";"245";"0";"true";"4";"149";"0";"true";"4";"181";"0";"true";"4";"161";"0";"true";"4";"101";"0";"true";"4";"147";"0";"true";"4";"110";"0";"true";"4";"140";"0";"true"
"5";"94";"0";"true";"5";"103";"0";"true";"5";"121";"0";"true";"5";"104";"0";"true";"5";"166";"0";"true";"5";"167";"0";"true";"5";"185";"0";"true";"5";"183";"0";"true";"5";"179";"0";"true";"5";"172";"0";"true";"5";"131";"0";"true";"5";"169";"0";"true";"5";"178";"0";"true";"5";"179";"0";"true";"5";"165";"0";"true";"5";"232";"0";"true";"5";"103";"0";"true";"5";"153";"0";"true";"5";"295";"0";"true";"5";"178";"0";"true";"5";"107";"0";"true";"5";"135";"0";"true";"5";"95";"0";"true";"5";"149";"0";"true"
"6";"99";"0";"true";"6";"113";"0";"true";"6";"106";"0";"true";"6";"107";"0";"true";"6";"163";"0";"true";"6";"172";"0";"true";"6";"182";"0";"true";"6";"199";"0";"true";"6";"179";"0";"true";"6";"175";"0";"true";"6";"118";"0";"true";"6";"158";"0";"true";"6";"194";"0";"true";"6";"175";"0";"true";"6";"177";"0";"true";"6";"159";"0";"true";"6";"169";"0";"true";"6";"163";"0";"true";"6";"233";"0";"true";"6";"162";"0";"true";"6";"97";"0";"true";"6";"142";"0";"true";"6";"104";"0";"true";"6";"150";"0";"true"
"7";"96";"0";"true";"7";"109";"0";"true";"7";"113";"0";"true";"7";"96";"0";"true";"7";"171";"0";"true";"7";"172";"0";"true";"7";"175";"0";"true";"7";"203";"0";"true";"7";"167";"0";"true";"7";"171";"0";"true";"7";"120";"0";"true";"7";"168";"0";"true";"7";"176";"0";"true";"7";"183";"0";"true";"7";"187";"0";"true";"7";"170";"0";"true";"7";"169";"0";"true";"7";"124";"0";"true";"7";"241";"0";"true";"7";"173";"0";"true";"7";"107";"0";"true";"7";"152";"0";"true";"7";"112";"0";"true";"7";"132";"0";"true"
"8";"93";"0";"true";"8";"109";"0";"true";"8";"116";"0";"true";"8";"99";"0";"true";"8";"163";"0";"true";"8";"174";"0";"true";"8";"176";"0";"true";"8";"197";"0";"true";"8";"175";"0";"true";"8";"173";"0";"true";"8";"123";"0";"true";"8";"159";"0";"true";"8";"177";"0";"true";"8";"185";"0";"true";"8";"182";"0";"true";"8";"171";"0";"true";"8";"183";"0";"true";"8";"121";"0";"true";"8";"231";"0";"true";"8";"171";"0";"true";"8";"113";"0";"true";"8";"145";"0";"true";"8";"118";"0";"true";"8";"120";"0";"true"
"9";"96";"0";"true";"9";"109";"0";"true";"9";"113";"0";"true";"9";"100";"0";"true";"9";"164";"0";"true";"9";"175";"0";"true";"9";"176";"0";"true";"9";"189";"0";"true";"9";"184";"0";"true";"9";"175";"0";"true";"9";"115";"0";"true";"9";"163";"0";"true";"9";"169";"0";"true";"9";"187";"0";"true";"9";"183";"0";"true";"9";"166";"0";"true";"9";"183";"0";"true";"9";"119";"0";"true";"9";"239";"0";"true";"9";"168";"0";"true";"9";"109";"0";"true";"9";"158";"0";"true";"9";"114";"0";"true";"9";"128";"0";"true"
"10";"100";"0";"true";"10";"105";"0";"true";"10";"113";"0";"true";"10";"105";"0";"true";"10";"159";"0";"true";"10";"179";"0";"true";"10";"182";"0";"true";"10";"203";"0";"true";"10";"165";"0";"true";"10";"174";"0";"true";"10";"136";"0";"true";"10";"144";"0";"true";"10";"184";"0";"true";"10";"182";"0";"true";"10";"190";"0";"true";"10";"178";"0";"true";"10";"177";"0";"true";"10";"130";"0";"true";"10";"235";"0";"true";"10";"159";"0";"true";"10";"110";"0";"true";"10";"155";"0";"true";"10";"114";"0";"true";"10";"127";"0";"true"
"11";"95";"0";"true";"11";"115";"0";"true";"11";"108";"0";"true";"11";"103";"0";"true";"11";"171";"0";"true";"11";"164";"0";"true";"11";"198";"0";"true";"11";"191";"0";"true";"11";"169";"0";"true";"11";"201";"0";"true";"11";"123";"0";"true";"11";"153";"0";"true";"11";"193";"0";"true";"11";"191";"0";"true";"11";"172";"0";"true";"11";"188";"0";"true";"11";"178";"0";"true";"11";"119";"0";"true";"11";"244";"0";"true";"11";"179";"0";"true";"11";"109";"0";"true";"11";"151";"0";"true";"11";"110";"0";"true";"11";"132";"0";"true"
"12";"99";"0";"true";"12";"112";"0";"true";"12";"107";"0";"true";"12";"108";"0";"true";"12";"174";"0";"true";"12";"160";"0";"true";"12";"164";"0";"true";"12";"218";"0";"true";"12";"178";"0";"true";"12";"188";"0";"true";"12";"107";"0";"true";"12";"150";"0";"true";"12";"200";"0";"true";"12";"178";"0";"true";"12";"188";"0";"true";"12";"170";"0";"true";"12";"178";"0";"true";"12";"137";"0";"true";"12";"239";"0";"true";"12";"156";"0";"true";"12";"103";"0";"true";"12";"160";"0";"true";"12";"112";"0";"true";"12";"136";"0";"true"
"13";"95";"0";"true";"13";"112";"0";"true";"13";"111";"0";"true";"13";"105";"0";"true";"13";"163";"0";"true";"13";"170";"0";"true";"13";"191";"0";"true";"13";"151";"0";"true";"13";"215";"0";"true";"13";"176";"0";"true";"13";"124";"0";"true";"13";"165";"0";"true";"13";"166";"0";"true";"13";"159";"0";"true";"13";"172";"0";"true";"13";"181";"0";"true";"13";"191";"0";"true";"13";"133";"0";"true";"13";"248";"0";"true";"13";"153";"0";"true";"13";"104";"0";"true";"13";"157";"0";"true";"13";"121";"0";"true";"13";"126";"0";"true"
"14";"94";"0";"true";"14";"114";"0";"true";"14";"110";"0";"true";"14";"102";"0";"true";"14";"173";"0";"true";"14";"162";"0";"true";"14";"183";"0";"true";"14";"224";"0";"true";"14";"149";"0";"true";"14";"189";"0";"true";"14";"118";"0";"true";"14";"159";"0";"true";"14";"202";"0";"true";"14";"200";"0";"true";"14";"173";"0";"true";"14";"163";"0";"true";"14";"170";"0";"true";"14";"136";"0";"true";"14";"249";"0";"true";"14";"169";"0";"true";"14";"104";"0";"true";"14";"143";"0";"true";"14";"116";"0";"true";"14";"131";"0";"true"
"15";"90";"0";"true";"15";"112";"0";"true";"15";"116";"0";"true";"15";"99";"0";"true";"15";"167";"0";"true";"15";"167";"0";"true";"15";"217";"0";"true";"15";"182";"0";"true";"15";"152";"0";"true";"15";"204";"0";"true";"15";"132";"0";"true";"15";"164";"0";"true";"15";"187";"0";"true";"15";"178";"0";"true";"15";"188";"0";"true";"15";"157";"0";"true";"15";"173";"0";"true";"15";"141";"0";"true";"15";"234";"0";"true";"15";"146";"0";"true";"15";"119";"0";"true";"15";"147";"0";"true";"15";"115";"0";"true";"15";"117";"0";"true"
"16";"93";"0";"true";"16";"104";"0";"true";"16";"121";"0";"true";"16";"105";"0";"true";"16";"165";"0";"true";"16";"166";"0";"true";"16";"133";"0";"true";"16";"239";"0";"true";"16";"177";"0";"true";"16";"174";"0";"true";"16";"102";"0";"true";"16";"143";"0";"true";"16";"195";"0";"true";"16";"188";"0";"true";"16";"196";"0";"true";"16";"161";"0";"true";"16";"188";"0";"true";"16";"125";"0";"true";"16";"221";"0";"true";"16";"162";"0";"true";"16";"109";"0";"true";"16";"156";"0";"true";"16";"116";"0";"true";"16";"126";"0";"true"
"17";"98";"0";"true";"17";"107";"0";"true";"17";"113";"0";"true";"17";"106";"0";"true";"17";"168";"0";"true";"17";"167";"0";"true";"17";"185";"0";"true";"17";"137";"0";"true";"17";"231";"0";"true";"17";"192";"0";"true";"17";"119";"0";"true";"17";"155";"0";"true";"17";"177";"0";"true";"17";"161";"0";"true";"17";"158";"0";"true";"17";"194";"0";"true";"17";"194";"0";"true";"17";"139";"0";"true";"17";"257";"0";"true";"17";"148";"0";"true";"17";"105";"0";"true";"17";"162";"0";"true";"17";"114";"0";"true";"17";"132";"0";"true"
"18";"103";"0";"true";"18";"95";"0";"true";"18";"120";"0";"true";"18";"104";"0";"true";"18";"165";"0";"true";"18";"177";"0";"true";"18";"204";"0";"true";"18";"210";"0";"true";"18";"125";"0";"true";"18";"197";"0";"true";"18";"135";"0";"true";"18";"157";"0";"true";"18";"214";"0";"true";"18";"183";"0";"true";"18";"187";"0";"true";"18";"166";"0";"true";"18";"190";"0";"true";"18";"118";"0";"true";"18";"248";"0";"true";"18";"155";"0";"true";"18";"103";"0";"true";"18";"168";"0";"true";"18";"124";"0";"true";"18";"124";"0";"true"
"19";"99";"0";"true";"19";"102";"0";"true";"19";"117";"0";"true";"19";"105";"0";"true";"19";"157";"0";"true";"19";"180";"0";"true";"19";"181";"0";"true";"19";"218";"0";"true";"19";"148";"0";"true";"19";"185";"0";"true";"19";"108";"0";"true";"19";"162";"0";"true";"19";"146";"0";"true";"19";"214";"0";"true";"19";"223";"0";"true";"19";"138";"0";"true";"19";"147";"0";"true";"19";"117";"0";"true";"19";"248";"0";"true";"19";"160";"0";"true";"19";"106";"0";"true";"19";"159";"0";"true";"19";"126";"0";"true";"19";"119";"0";"true"
"20";"94";"0";"true";"20";"107";"0";"true";"20";"117";"0";"true";"20";"107";"0";"true";"20";"166";"0";"true";"20";"164";"0";"true";"20";"185";"0";"true";"20";"200";"0";"true";"20";"169";"0";"true";"20";"193";"0";"true";"20";"119";"0";"true";"20";"156";"0";"true";"20";"226";"0";"true";"20";"159";"0";"true";"20";"172";"0";"true";"20";"200";"0";"true";"20";"177";"0";"true";"20";"137";"0";"true";"20";"232";"0";"true";"20";"172";"0";"true";"20";"111";"0";"true";"20";"147";"0";"true";"20";"101";"0";"true";"20";"139";"0";"true"
"21";"95";"0";"true";"21";"98";"0";"true";"21";"125";"0";"true";"21";"100";"0";"true";"21";"171";"0";"true";"21";"167";"0";"true";"21";"174";"0";"true";"21";"198";"0";"true";"21";"166";"0";"true";"21";"190";"0";"true";"21";"127";"0";"true";"21";"153";"0";"true";"21";"147";"0";"true";"21";"193";"0";"true";"21";"215";"0";"true";"21";"150";"0";"true";"21";"158";"0";"true";"21";"132";"0";"true";"21";"230";"0";"true";"21";"159";"0";"true";"21";"107";"0";"true";"21";"165";"0";"true";"21";"105";"0";"true";"21";"139";"0";"true"
"22";"103";"0";"true";"22";"107";"0";"true";"22";"108";"0";"true";"22";"115";"0";"true";"22";"174";"0";"true";"22";"157";"0";"true";"22";"184";"0";"true";"22";"209";"0";"true";"22";"169";"0";"true";"22";"183";"0";"true";"22";"123";"0";"true";"22";"160";"0";"true";"22";"185";"0";"true";"22";"219";"0";"true";"22";"145";"0";"true";"22";"171";"0";"true";"22";"179";"0";"true";"22";"127";"0";"true";"22";"272";"0";"true";"22";"177";"0";"true";"22";"101";"0";"true";"22";"148";"0";"true";"22";"115";"0";"true";"22";"135";"0";"true"
"23";"99";"0";"true";"23";"108";"0";"true";"23";"111";"0";"true";"23";"94";"0";"true";"23";"173";"0";"true";"23";"175";"0";"true";"23";"169";"0";"true";"23";"194";"0";"true";"23";"179";"0";"true";"23";"182";"0";"true";"23";"127";"0";"true";"23";"144";"0";"true";"23";"243";"0";"true";"23";"110";"0";"true";"23";"198";"0";"true";"23";"201";"0";"true";"23";"216";"0";"true";"23";"132";"0";"true";"23";"202";"0";"true";"23";"152";"0";"true";"23";"101";"0";"true";"23";"165";"0";"true";"23";"118";"0";"true";"23";"132";"0";"true"
"24";"100";"0";"true";"24";"103";"0";"true";"24";"115";"0";"true";"24";"99";"0";"true";"24";"168";"0";"true";"24";"176";"0";"true";"24";"184";"0";"true";"24";"200";"0";"true";"24";"158";"0";"true";"24";"191";"0";"true";"24";"123";"0";"true";"24";"153";"0";"true";"24";"127";"0";"true";"24";"193";"0";"true";"24";"247";"0";"true";"24";"143";"0";"true";"24";"135";"0";"true";"24";"130";"0";"true";"24";"214";"0";"true";"24";"164";"0";"true";"24";"111";"0";"true";"24";"152";"0";"true";"24";"111";"0";"true";"24";"129";"0";"true"
"25";"104";"0";"true";"25";"99";"0";"true";"25";"115";"0";"true";"25";"101";"0";"true";"25";"171";"0";"true";"25";"175";"0";"true";"25";"164";"0";"true";"25";"197";"0";"true";"25";"179";"0";"true";"25";"186";"0";"true";"25";"114";"0";"true";"25";"150";"0";"true";"25";"185";"0";"true";"25";"253";"0";"true";"25";"120";"0";"true";"25";"170";"0";"true";"25";"171";"0";"true";"25";"137";"0";"true";"25";"276";"0";"true";"25";"189";"0";"true";"25";"108";"0";"true";"25";"124";"0";"true";"25";"110";"0";"true";"25";"133";"0";"true"
"26";"93";"0";"true";"26";"108";"0";"true";"26";"117";"0";"true";"26";"111";"0";"true";"26";"167";"0";"true";"26";"158";"0";"true";"26";"180";"0";"true";"26";"212";"0";"true";"26";"167";"0";"true";"26";"183";"0";"true";"26";"123";"0";"true";"26";"158";"0";"true";"26";"239";"0";"true";"26";"114";"0";"true";"26";"200";"0";"true";"26";"200";"0";"true";"26";"192";"0";"true";"26";"137";"0";"true";"26";"232";"0";"true";"26";"131";"0";"true";"26";"109";"0";"true";"26";"178";"0";"true";"26";"113";"0";"true";"26";"129";"0";"true"
"27";"91";"0";"true";"27";"112";"0";"true";"27";"115";"0";"true";"27";"105";"0";"true";"27";"160";"0";"true";"27";"169";"0";"true";"27";"177";"0";"true";"27";"190";"0";"true";"27";"190";"0";"true";"27";"190";"0";"true";"27";"123";"0";"true";"27";"139";"0";"true";"27";"144";"0";"true";"27";"167";"0";"true";"27";"238";"0";"true";"27";"157";"0";"true";"27";"173";"0";"true";"27";"127";"0";"true";"27";"217";"0";"true";"27";"142";"0";"true";"27";"104";"0";"true";"27";"174";"0";"true";"27";"121";"0";"true";"27";"126";"0";"true"
"28";"98";"0";"true";"28";"101";"0";"true";"28";"119";"0";"true";"28";"108";"0";"true";"28";"167";"0";"true";"28";"166";"0";"true";"28";"195";"0";"true";"28";"192";"0";"true";"28";"162";"0";"true";"28";"191";"0";"true";"28";"130";"0";"true";"28";"160";"0";"true";"28";"207";"0";"true";"28";"188";"0";"true";"28";"154";"0";"true";"28";"185";"0";"true";"28";"181";"0";"true";"28";"133";"0";"true";"28";"266";"0";"true";"28";"162";"0";"true";"28";"105";"0";"true";"28";"160";"0";"true";"28";"108";"0";"true";"28";"138";"0";"true"
"29";"93";"0";"true";"29";"113";"0";"true";"29";"112";"0";"true";"29";"99";"0";"true";"29";"170";"0";"true";"29";"167";"0";"true";"29";"160";"0";"true";"29";"226";"0";"true";"29";"166";"0";"true";"29";"181";"0";"true";"29";"106";"0";"true";"29";"155";"0";"true";"29";"194";"0";"true";"29";"193";"0";"true";"29";"187";"0";"true";"29";"175";"0";"true";"29";"172";"0";"true";"29";"119";"0";"true";"29";"256";"0";"true";"29";"153";"0";"true";"29";"114";"0";"true";"29";"162";"0";"true";"29";"120";"0";"true";"29";"117";"0";"true"
"30";"101";"0";"true";"30";"101";"0";"true";"30";"116";"0";"true";"30";"102";"0";"true";"30";"174";"0";"true";"30";"168";"0";"true";"30";"180";"0";"true";"30";"169";"0";"true";"30";"194";"0";"true";"30";"197";"0";"true";"30";"122";"0";"true";"30";"151";"0";"true";"30";"170";"0";"true";"30";"194";"0";"true";"30";"170";"0";"true";"30";"175";"0";"true";"30";"178";"0";"true";"30";"133";"0";"true";"30";"248";"0";"true";"30";"161";"0";"true";"30";"111";"0";"true";"30";"142";"0";"true";"30";"121";"0";"true";"30";"119";"0";"true"
"31";"100";"0";"true";"31";"104";"0";"true";"31";"114";"0";"true";"31";"95";"0";"true";"31";"175";"0";"true";"31";"173";"0";"true";"31";"183";"0";"true";"31";"204";"0";"true";"31";"152";"0";"true";"31";"183";"0";"true";"31";"121";"0";"true";"31";"168";"0";"true";"31";"191";"0";"true";"31";"179";"0";"true";"31";"190";"0";"true";"31";"156";"0";"true";"31";"176";"0";"true";"31";"132";"0";"true";"31";"226";"0";"true";"31";"171";"0";"true";"31";"106";"0";"true";"31";"145";"0";"true";"31";"114";"0";"true";"31";"131";"0";"true"
"32";"99";"0";"true";"32";"102";"0";"true";"32";"117";"0";"true";"32";"105";"0";"true";"32";"176";"0";"true";"32";"161";"0";"true";"32";"183";"0";"true";"32";"203";"0";"true";"32";"161";"0";"true";"32";"187";"0";"true";"32";"140";"0";"true";"32";"149";"0";"true";"32";"178";"0";"true";"32";"191";"0";"true";"32";"182";"0";"true";"32";"174";"0";"true";"32";"180";"0";"true";"32";"125";"0";"true";"32";"237";"0";"true";"32";"163";"0";"true";"32";"114";"0";"true";"32";"148";"0";"true";"32";"118";"0";"true";"32";"119";"0";"true"
"33";"95";"0";"true";"33";"107";"0";"true";"33";"116";"0";"true";"33";"108";"0";"true";"33";"155";"0";"true";"33";"175";"0";"true";"33";"184";"0";"true";"33";"209";"0";"true";"33";"162";"0";"true";"33";"197";"0";"true";"33";"95";"0";"true";"33";"163";"0";"true";"33";"195";"0";"true";"33";"176";"0";"true";"33";"210";"0";"true";"33";"157";"0";"true";"33";"169";"0";"true";"33";"126";"0";"true";"33";"240";"0";"true";"33";"156";"0";"true";"33";"100";"0";"true";"33";"160";"0";"true";"33";"126";"0";"true";"33";"125";"0";"true"
"34";"97";"0";"true";"34";"103";"0";"true";"34";"118";"0";"true";"34";"111";"0";"true";"34";"166";"0";"true";"34";"163";"0";"true";"34";"171";"0";"true";"34";"196";"0";"true";"34";"187";"0";"true";"34";"184";"0";"true";"34";"116";"0";"true";"34";"155";"0";"true";"34";"192";"0";"true";"34";"177";"0";"true";"34";"174";"0";"true";"34";"183";"0";"true";"34";"176";"0";"true";"34";"136";"0";"true";"34";"255";"0";"true";"34";"157";"0";"true";"34";"103";"0";"true";"34";"159";"0";"true";"34";"113";"0";"true";"34";"135";"0";"true"
"35";"98";"0";"true";"35";"106";"0";"true";"35";"114";"0";"true";"35";"98";"0";"true";"35";"171";"0";"true";"35";"172";"0";"true";"35";"178";"0";"true";"35";"197";"0";"true";"35";"169";"0";"true";"35";"186";"0";"true";"35";"122";"0";"true";"35";"155";"0";"true";"35";"202";"0";"true";"35";"181";"0";"true";"35";"172";"0";"true";"35";"179";"0";"true";"35";"181";"0";"true";"35";"133";"0";"true";"35";"259";"0";"true";"35";"159";"0";"true";"35";"97";"0";"true";"35";"162";"0";"true";"35";"117";"0";"true";"35";"137";"0";"true"
"36";"96";"0";"true";"36";"96";"0";"true";"36";"126";"0";"true";"36";"98";"0";"true";"36";"166";"0";"true";"36";"175";"0";"true";"36";"159";"0";"true";"36";"196";"0";"true";"36";"179";"0";"true";"36";"181";"0";"true";"36";"124";"0";"true";"36";"146";"0";"true";"36";"187";"0";"true";"36";"182";"0";"true";"36";"183";"0";"true";"36";"176";"0";"true";"36";"190";"0";"true";"36";"124";"0";"true";"36";"246";"0";"true";"36";"151";"0";"true";"36";"107";"0";"true";"36";"165";"0";"true";"36";"121";"0";"true";"36";"123";"0";"true"
"37";"110";"0";"true";"37";"104";"0";"true";"37";"104";"0";"true";"37";"111";"0";"true";"37";"170";"0";"true";"37";"172";"0";"true";"37";"176";"0";"true";"37";"211";"0";"true";"37";"168";"0";"true";"37";"188";"0";"true";"37";"113";"0";"true";"37";"149";"0";"true";"37";"199";"0";"true";"37";"190";"0";"true";"37";"182";"0";"true";"37";"189";"0";"true";"37";"166";"0";"true";"37";"125";"0";"true";"37";"267";"0";"true";"37";"154";"0";"true";"37";"107";"0";"true";"37";"164";"0";"true";"37";"118";"0";"true";"37";"126";"0";"true"
"38";"81";"0";"true";"38";"120";"0";"true";"38";"117";"0";"true";"38";"84";"0";"true";"38";"169";"0";"true";"38";"171";"0";"true";"38";"185";"0";"true";"38";"190";"0";"true";"38";"169";"0";"true";"38";"186";"0";"true";"38";"118";"0";"true";"38";"167";"0";"true";"38";"186";"0";"true";"38";"185";"0";"true";"38";"176";"0";"true";"38";"143";"0";"true";"38";"204";"0";"true";"38";"126";"0";"true";"38";"229";"0";"true";"38";"155";"0";"true";"38";"111";"0";"true";"38";"158";"0";"true";"38";"118";"0";"true";"38";"122";"0";"true"
"39";"99";"0";"true";"39";"85";"0";"true";"39";"134";"0";"true";"39";"99";"0";"true";"39";"175";"0";"true";"39";"168";"0";"true";"39";"164";"0";"true";"39";"186";"0";"true";"39";"174";"0";"true";"39";"187";"0";"true";"39";"129";"0";"true";"39";"157";"0";"true";"39";"174";"0";"true";"39";"184";"0";"true";"39";"183";"0";"true";"39";"201";"0";"true";"39";"152";"0";"true";"39";"124";"0";"true";"39";"267";"0";"true";"39";"168";"0";"true";"39";"107";"0";"true";"39";"156";"0";"true";"39";"113";"0";"true";"39";"131";"0";"true"
"40";"106";"0";"true";"40";"122";"0";"true";"40";"90";"0";"true";"40";"96";"0";"true";"40";"167";"0";"true";"40";"186";"0";"true";"40";"179";"0";"true";"40";"206";"0";"true";"40";"173";"0";"true";"40";"184";"0";"true";"40";"107";"0";"true";"40";"145";"0";"true";"40";"195";"0";"true";"40";"188";"0";"true";"40";"193";"0";"true";"40";"140";"0";"true";"40";"199";"0";"true";"40";"136";"0";"true";"40";"232";"0";"true";"40";"137";"0";"true";"40";"104";"0";"true";"40";"164";"0";"true";"40";"127";"0";"true";"40";"120";"0";"true"
"41";"106";"0";"true";"41";"91";"0";"true";"41";"121";"0";"true";"41";"122";"0";"true";"41";"179";"0";"true";"41";"148";"0";"true";"41";"176";"0";"true";"41";"198";"0";"true";"41";"179";"0";"true";"41";"198";"0";"true";"41";"118";"0";"true";"41";"160";"0";"true";"41";"178";"0";"true";"41";"174";"0";"true";"41";"192";"0";"true";"41";"173";"0";"true";"41";"168";"0";"true";"41";"134";"0";"true";"41";"244";"0";"true";"41";"155";"0";"true";"41";"108";"0";"true";"41";"161";"0";"true";"41";"110";"0";"true";"41";"133";"0";"true"
"42";"101";"0";"true";"42";"96";"0";"true";"42";"121";"0";"true";"42";"93";"0";"true";"42";"167";"0";"true";"42";"184";"0";"true";"42";"172";"0";"true";"42";"189";"0";"true";"42";"168";"0";"true";"42";"165";"0";"true";"42";"130";"0";"true";"42";"165";"0";"true";"42";"193";"0";"true";"42";"175";"0";"true";"42";"170";"0";"true";"42";"173";"0";"true";"42";"182";"0";"true";"42";"136";"0";"true";"42";"244";"0";"true";"42";"160";"0";"true";"42";"109";"0";"true";"42";"158";"0";"true";"42";"105";"0";"true";"42";"137";"0";"true"
"43";"96";"0";"true";"43";"103";"0";"true";"43";"119";"0";"true";"43";"108";"0";"true";"43";"177";"0";"true";"43";"154";"0";"true";"43";"184";"0";"true";"43";"197";"0";"true";"43";"170";"0";"true";"43";"210";"0";"true";"43";"116";"0";"true";"43";"154";"0";"true";"43";"194";"0";"true";"43";"192";"0";"true";"43";"175";"0";"true";"43";"174";"0";"true";"43";"169";"0";"true";"43";"137";"0";"true";"43";"254";"0";"true";"43";"164";"0";"true";"43";"102";"0";"true";"43";"150";"0";"true";"43";"115";"0";"true";"43";"134";"0";"true"
"44";"97";"0";"true";"44";"103";"0";"true";"44";"118";"0";"true";"44";"99";"0";"true";"44";"178";"0";"true";"44";"163";"0";"true";"44";"167";"0";"true";"44";"194";"0";"true";"44";"181";"0";"true";"44";"161";"0";"true";"44";"150";"0";"true";"44";"152";"0";"true";"44";"172";"0";"true";"44";"161";"0";"true";"44";"185";"0";"true";"44";"181";"0";"true";"44";"194";"0";"true";"44";"128";"0";"true";"44";"225";"0";"true";"44";"155";"0";"true";"44";"114";"0";"true";"44";"165";"0";"true";"44";"106";"0";"true";"44";"131";"0";"true"
"45";"97";"0";"true";"45";"104";"0";"true";"45";"117";"0";"true";"45";"108";"0";"true";"45";"157";"0";"true";"45";"175";"0";"true";"45";"165";"0";"true";"45";"229";"0";"true";"45";"158";"0";"true";"45";"207";"0";"true";"45";"51";"0";"true";"45";"181";"0";"true";"45";"218";"0";"true";"45";"188";"0";"true";"45";"205";"0";"true";"45";"150";"0";"true";"45";"160";"0";"true";"45";"117";"0";"true";"45";"260";"0";"true";"45";"156";"0";"true";"45";"103";"0";"true";"45";"173";"0";"true";"45";"119";"0";"true";"45";"129";"0";"true"
"46";"104";"0";"true";"46";"101";"0";"true";"46";"113";"0";"true";"46";"109";"0";"true";"46";"170";"0";"true";"46";"168";"0";"true";"46";"198";"0";"true";"46";"143";"0";"true";"46";"209";"0";"true";"46";"228";"0";"true";"46";"117";"0";"true";"46";"136";"0";"true";"46";"175";"0";"true";"46";"196";"0";"true";"46";"168";"0";"true";"46";"168";"0";"true";"46";"184";"0";"true";"46";"149";"0";"true";"46";"249";"0";"true";"46";"150";"0";"true";"46";"101";"0";"true";"46";"142";"0";"true";"46";"126";"0";"true";"46";"124";"0";"true"
"47";"88";"0";"true";"47";"115";"0";"true";"47";"115";"0";"true";"47";"91";"0";"true";"47";"171";"0";"true";"47";"169";"0";"true";"47";"163";"0";"true";"47";"243";"0";"true";"47";"140";"0";"true";"47";"90";"0";"true";"47";"182";"0";"true";"47";"177";"0";"true";"47";"161";"0";"true";"47";"154";"0";"true";"47";"187";"0";"true";"47";"197";"0";"true";"47";"156";"0";"true";"47";"130";"0";"true";"47";"263";"0";"true";"47";"153";"0";"true";"47";"112";"0";"true";"47";"160";"0";"true";"47";"113";"0";"true";"47";"126";"0";"true"
"48";"105";"0";"true";"48";"98";"0";"true";"48";"115";"0";"true";"48";"104";"0";"true";"48";"177";"0";"true";"48";"167";"0";"true";"48";"195";"0";"true";"48";"159";"0";"true";"48";"188";"0";"true";"48";"182";"0";"true";"48";"95";"0";"true";"48";"210";"0";"true";"48";"174";"0";"true";"48";"154";"0";"true";"48";"180";"0";"true";"48";"159";"0";"true";"48";"164";"0";"true";"48";"134";"0";"true";"48";"243";"0";"true";"48";"175";"0";"true";"48";"105";"0";"true";"48";"143";"0";"true";"48";"111";"0";"true";"48";"135";"0";"true"
"49";"91";"0";"true";"49";"97";"0";"true";"49";"130";"0";"true";"49";"101";"0";"true";"49";"152";"0";"true";"49";"181";"0";"true";"49";"170";"0";"true";"49";"161";"0";"true";"49";"207";"0";"true";"49";"256";"0";"true";"49";"135";"0";"true";"49";"61";"0";"true";"49";"187";"0";"true";"49";"200";"0";"true";"49";"211";"0";"true";"49";"185";"0";"true";"49";"206";"0";"true";"49";"138";"0";"true";"49";"229";"0";"true";"49";"132";"0";"true";"49";"85";"0";"true";"49";"180";"0";"true";"49";"133";"0";"true";"49";"133";"0";"true"
